,ModelID
0,ACH-000058
1,ACH-000082
2,ACH-000867
3,ACH-000437
4,ACH-000544
5,ACH-000507
6,ACH-000278
7,ACH-000011
8,ACH-000558
9,ACH-000719
10,ACH-000334
11,ACH-000514
12,ACH-000475
13,ACH-000590
14,ACH-000318
15,ACH-000999
16,ACH-000108
17,ACH-000859
18,ACH-000873
19,ACH-000024
20,ACH-000947
21,ACH-000096
22,ACH-000175
23,ACH-000243
24,ACH-000234
25,ACH-000970
26,ACH-000678
27,ACH-000911
28,ACH-000329
29,ACH-000995
30,ACH-000646
31,ACH-000073
32,ACH-000342
33,ACH-000942
34,ACH-000269
35,ACH-000643
36,ACH-000672
37,ACH-000788
38,ACH-000370
39,ACH-000702
40,ACH-000761
41,ACH-000015
42,ACH-000786
43,ACH-000814
44,ACH-000965
45,ACH-000379
46,ACH-000330
47,ACH-000188
48,ACH-000766
49,ACH-000717
50,ACH-000601
51,ACH-000383
52,ACH-000976
53,ACH-001239
54,ACH-000503
55,ACH-000077
56,ACH-000338
57,ACH-000022
58,ACH-000054
59,ACH-000879
60,ACH-000858
61,ACH-000079
62,ACH-000986
63,ACH-000172
64,ACH-000355
65,ACH-000554
66,ACH-000505
67,ACH-000980
68,ACH-000783
69,ACH-000129
70,ACH-000049
71,ACH-000959
72,ACH-000960
73,ACH-000901
74,ACH-000698
75,ACH-000170
76,ACH-000465
77,ACH-000860
78,ACH-000685
79,ACH-000738
80,ACH-000888
81,ACH-000272
82,ACH-000002
83,ACH-000418
84,ACH-000086
85,ACH-000575
86,ACH-000731
87,ACH-000220
88,ACH-000402
89,ACH-000412
90,ACH-000262
91,ACH-000949
92,ACH-000772
93,ACH-000693
94,ACH-000769
95,ACH-000211
96,ACH-000452
97,ACH-000662
98,ACH-000881
99,ACH-000703
100,ACH-000654
101,ACH-000847
102,ACH-000400
103,ACH-000214
104,ACH-000777
105,ACH-000628
106,ACH-000340
107,ACH-000315
108,ACH-000749
109,ACH-000138
110,ACH-000003
111,ACH-000139
112,ACH-000683
113,ACH-000388
114,ACH-000991
115,ACH-000150
116,ACH-001109
117,ACH-000636
118,ACH-000666
119,ACH-000046
120,ACH-000463
121,ACH-000464
122,ACH-000647
123,ACH-001656
124,ACH-000819
125,ACH-000276
126,ACH-000031
127,ACH-000179
128,ACH-000076
129,ACH-000016
130,ACH-000708
131,ACH-000378
132,ACH-000604
133,ACH-000866
134,ACH-000540
135,ACH-000180
136,ACH-000889
137,ACH-000320
138,ACH-000156
139,ACH-000391
140,ACH-000119
141,ACH-000563
142,ACH-000934
143,ACH-000007
144,ACH-000292
145,ACH-000697
146,ACH-000776
147,ACH-000384
148,ACH-000020
149,ACH-000805
150,ACH-000550
151,ACH-000481
152,ACH-000930
153,ACH-000906
154,ACH-000339
155,ACH-000936
156,ACH-000684
157,ACH-000856
158,ACH-000651
159,ACH-000203
160,ACH-000411
161,ACH-000745
162,ACH-000996
163,ACH-000443
164,ACH-000569
165,ACH-000059
166,ACH-000941
167,ACH-000088
168,ACH-000390
169,ACH-000827
170,ACH-000892
171,ACH-000581
172,ACH-000877
173,ACH-000990
174,ACH-000415
175,ACH-000721
176,ACH-000479
177,ACH-000902
178,ACH-000107
179,ACH-000669
180,ACH-000635
181,ACH-000845
182,ACH-000726
183,ACH-000296
184,ACH-000401
185,ACH-000615
186,ACH-000687
187,ACH-000665
188,ACH-000314
189,ACH-000078
190,ACH-000249
191,ACH-000545
192,ACH-000630
193,ACH-000642
194,ACH-000250
195,ACH-000840
196,ACH-000332
197,ACH-000477
198,ACH-000937
199,ACH-000157
200,ACH-001210
201,ACH-000300
202,ACH-000105
203,ACH-000632
204,ACH-000594
205,ACH-000403
206,ACH-000940
207,ACH-000506
208,ACH-000286
209,ACH-000886
210,ACH-000075
211,ACH-000789
212,ACH-000434
213,ACH-000348
214,ACH-000592
215,ACH-000739
216,ACH-000128
217,ACH-000526
218,ACH-000682
219,ACH-000368
220,ACH-000720
221,ACH-000440
222,ACH-000014
223,ACH-000140
224,ACH-001321
225,ACH-000741
226,ACH-000359
227,ACH-000298
228,ACH-000125
229,ACH-000087
230,ACH-000735
231,ACH-000136
232,ACH-000929
233,ACH-000231
234,ACH-000133
235,ACH-000090
236,ACH-000091
237,ACH-000375
238,ACH-000623
239,ACH-000605
240,ACH-000021
241,ACH-000252
242,ACH-000216
243,ACH-000751
244,ACH-000141
245,ACH-000871
246,ACH-001142
247,ACH-000032
248,ACH-000531
249,ACH-000622
250,ACH-000319
251,ACH-000543
252,ACH-000026
253,ACH-000621
254,ACH-000982
255,ACH-000538
256,ACH-000838
257,ACH-000034
258,ACH-000344
259,ACH-000291
260,ACH-000070
261,ACH-000627
262,ACH-000111
263,ACH-000425
264,ACH-000457
265,ACH-000382
266,ACH-000585
267,ACH-000754
268,ACH-000826
269,ACH-000880
270,ACH-000963
271,ACH-000132
272,ACH-000994
273,ACH-000264
274,ACH-000650
275,ACH-000728
276,ACH-000124
277,ACH-000466
278,ACH-000083
279,ACH-000006
280,ACH-000895
281,ACH-000557
282,ACH-000825
283,ACH-000821
284,ACH-000661
285,ACH-000040
286,ACH-000948
287,ACH-000681
288,ACH-000752
289,ACH-000362
290,ACH-000488
291,ACH-000868
292,ACH-000633
293,ACH-000953
294,ACH-000804
295,ACH-000260
296,ACH-000333
297,ACH-001193
298,ACH-000084
299,ACH-000290
300,ACH-000331
301,ACH-000757
302,ACH-000707
303,ACH-000297
304,ACH-000553
305,ACH-000686
306,ACH-000724
307,ACH-000098
308,ACH-001086
309,ACH-000512
310,ACH-000843
311,ACH-000502
312,ACH-000279
313,ACH-000839
314,ACH-000245
315,ACH-000771
316,ACH-000917
317,ACH-000184
318,ACH-000797
319,ACH-000974
320,ACH-000742
321,ACH-000905
322,ACH-000173
323,ACH-000648
324,ACH-000336
325,ACH-000712
326,ACH-000367
327,ACH-000165
328,ACH-000862
329,ACH-000085
330,ACH-000582
331,ACH-000816
332,ACH-000500
333,ACH-000153
334,ACH-000705
335,ACH-000899
336,ACH-000964
337,ACH-000511
338,ACH-000736
339,ACH-000187
340,ACH-000323
341,ACH-000515
342,ACH-000534
343,ACH-000898
344,ACH-000784
345,ACH-000796
346,ACH-000033
347,ACH-000954
348,ACH-000835
349,ACH-000850
350,ACH-000938
351,ACH-000038
352,ACH-000812
353,ACH-000239
354,ACH-000414
355,ACH-000763
356,ACH-000489
357,ACH-000551
358,ACH-000099
359,ACH-000755
360,ACH-000824
361,ACH-000722
362,ACH-000028
363,ACH-000758
364,ACH-000254
365,ACH-000516
366,ACH-000778
367,ACH-000688
368,ACH-000365
369,ACH-000822
370,ACH-000115
371,ACH-000629
372,ACH-000732
373,ACH-000542
374,ACH-000018
375,ACH-000113
376,ACH-000347
377,ACH-000182
378,ACH-000219
379,ACH-000591
380,ACH-000725
381,ACH-000716
382,ACH-000409
383,ACH-000709
384,ACH-000454
385,ACH-000832
386,ACH-000945
387,ACH-000966
388,ACH-000399
389,ACH-000978
390,ACH-000381
391,ACH-000900
392,ACH-000017
393,ACH-000522
394,ACH-000815
395,ACH-000183
396,ACH-001390
397,ACH-000849
398,ACH-000675
399,ACH-000800
400,ACH-000215
401,ACH-000893
402,ACH-000691
403,ACH-000005
404,ACH-000890
405,ACH-000971
406,ACH-000808
407,ACH-000055
408,ACH-000259
409,ACH-000614
410,ACH-000753
411,ACH-000552
412,ACH-000634
413,ACH-000851
414,ACH-000496
415,ACH-000030
416,ACH-000421
417,ACH-000266
418,ACH-000696
419,ACH-000205
420,ACH-000196
421,ACH-000861
422,ACH-000229
423,ACH-000439
424,ACH-000263
425,ACH-001099
426,ACH-000730
427,ACH-000671
428,ACH-000193
429,ACH-000358
430,ACH-000461
431,ACH-000267
432,ACH-000894
433,ACH-000476
434,ACH-000865
435,ACH-000834
436,ACH-000660
437,ACH-000051
438,ACH-000588
439,ACH-000891
440,ACH-000460
441,ACH-000935
442,ACH-000271
443,ACH-000251
444,ACH-000768
445,ACH-000001
446,ACH-000740
447,ACH-000699
448,ACH-000208
449,ACH-000560
450,ACH-000282
451,ACH-000524
452,ACH-000164
453,ACH-000510
454,ACH-000781
455,ACH-000257
456,ACH-000933
457,ACH-000069
458,ACH-000525
459,ACH-000508
460,ACH-000567
461,ACH-000284
462,ACH-000064
463,ACH-000394
464,ACH-000012
465,ACH-000397
466,ACH-000094
467,ACH-000546
468,ACH-000759
469,ACH-000158
470,ACH-000097
471,ACH-000043
472,ACH-000915
473,ACH-000019
474,ACH-000209
475,ACH-001211
476,ACH-000870
477,ACH-000493
478,ACH-000447
479,ACH-000450
480,ACH-000042
481,ACH-000657
482,ACH-000798
483,ACH-000586
484,ACH-000794
485,ACH-000782
486,ACH-000159
487,ACH-000063
488,ACH-000374
489,ACH-000080
490,ACH-000760
491,ACH-000679
492,ACH-000255
493,ACH-000530
494,ACH-000520
495,ACH-000430
496,ACH-000729
497,ACH-000480
498,ACH-000413
499,ACH-000313
500,ACH-000112
501,ACH-000223
502,ACH-000577
503,ACH-000962
504,ACH-000779
505,ACH-000817
506,ACH-000490
507,ACH-000574
508,ACH-000852
509,ACH-000436
510,ACH-000689
511,ACH-000997
512,ACH-000181
513,ACH-000924
514,ACH-000625
515,ACH-000932
516,ACH-000903
517,ACH-000122
518,ACH-000428
519,ACH-000372
520,ACH-000571
521,ACH-000984
522,ACH-000186
523,ACH-000013
524,ACH-000801
525,ACH-000023
526,ACH-000109
527,ACH-000062
528,ACH-000677
529,ACH-000921
530,ACH-000939
531,ACH-000225
532,ACH-000987
533,ACH-000656
534,ACH-000406
535,ACH-000645
536,ACH-000495
537,ACH-000746
538,ACH-000166
539,ACH-000343
540,ACH-000993
541,ACH-000830
542,ACH-001366
543,ACH-000072
544,ACH-000583
545,ACH-000302
546,ACH-000762
547,ACH-000664
548,ACH-000201
549,ACH-000958
550,ACH-000897
551,ACH-000756
552,ACH-000539
553,ACH-000217
554,ACH-000102
555,ACH-000104
556,ACH-000148
557,ACH-000405
558,ACH-000600
559,ACH-000977
560,ACH-000674
561,ACH-000419
562,ACH-000057
563,ACH-000410
564,ACH-000641
565,ACH-000373
566,ACH-000445
567,ACH-000775
568,ACH-000350
569,ACH-000392
570,ACH-000981
571,ACH-000944
572,ACH-000491
573,ACH-000121
574,ACH-000433
575,ACH-000807
576,ACH-000536
577,ACH-000200
578,ACH-000142
579,ACH-000562
580,ACH-000723
581,ACH-000360
582,ACH-000283
583,ACH-000281
584,ACH-000799
585,ACH-000943
586,ACH-000422
587,ACH-000152
588,ACH-000652
589,ACH-000438
590,ACH-000547
591,ACH-000809
592,ACH-000237
593,ACH-000715
594,ACH-000896
595,ACH-000813
596,ACH-000607
597,ACH-000149
598,ACH-000155
599,ACH-000573
600,ACH-000435
601,ACH-000089
602,ACH-000177
603,ACH-000123
604,ACH-000587
605,ACH-000092
606,ACH-000559
607,ACH-000998
608,ACH-000884
609,ACH-000973
610,ACH-000519
611,ACH-000952
612,ACH-000301
613,ACH-000925
614,ACH-000537
615,ACH-000295
616,ACH-000829
617,ACH-000324
618,ACH-000190
619,ACH-000061
620,ACH-000680
621,ACH-000131
622,ACH-000882
623,ACH-000304
624,ACH-000670
625,ACH-000261
626,ACH-000408
627,ACH-000631
628,ACH-000535
629,ACH-000561
630,ACH-000404
631,ACH-000395
632,ACH-000887
633,ACH-000844
634,ACH-000235
635,ACH-000603
636,ACH-000972
637,ACH-000393
638,ACH-000857
639,ACH-000811
640,ACH-000285
641,ACH-000204
642,ACH-000533
643,ACH-000837
644,ACH-000310
645,ACH-000103
646,ACH-000351
647,ACH-000482
648,ACH-000579
649,ACH-000914
650,ACH-000444
651,ACH-000126
652,ACH-000919
653,ACH-000431
654,ACH-000718
655,ACH-000371
656,ACH-000916
657,ACH-000389
658,ACH-000714
659,ACH-000008
660,ACH-000039
661,ACH-000833
662,ACH-000572
663,ACH-000345
664,ACH-000969
665,ACH-000167
666,ACH-000785
667,ACH-000432
668,ACH-000599
669,ACH-000242
670,ACH-000494
671,ACH-000277
672,ACH-000909
673,ACH-000135
674,ACH-000364
675,ACH-000802
676,ACH-000989
677,ACH-000676
678,ACH-000713
679,ACH-000823
680,ACH-000528
681,ACH-000584
682,ACH-000441
683,ACH-001075
684,ACH-000004
685,ACH-000241
686,ACH-000162
687,ACH-000423
688,ACH-000504
689,ACH-000606
690,ACH-000640
691,ACH-000875
692,ACH-000876
693,ACH-000451
694,ACH-000171
695,ACH-000667
696,ACH-000056
697,ACH-000240
698,ACH-000380
699,ACH-000663
700,ACH-000951
701,ACH-000145
702,ACH-000985
703,ACH-000357
704,ACH-000074
705,ACH-000737
706,ACH-000598
707,ACH-000356
708,ACH-000848
709,ACH-000458
710,ACH-000289
711,ACH-000748
712,ACH-000293
713,ACH-000690
714,ACH-000527
715,ACH-000912
716,ACH-000050
717,ACH-000841
718,ACH-000369
719,ACH-000067
720,ACH-000037
721,ACH-000396
722,ACH-000613
723,ACH-000922
724,ACH-000767
725,ACH-000361
726,ACH-000144
727,ACH-000620
728,ACH-000469
729,ACH-000305
730,ACH-000694
731,ACH-000100
732,ACH-000612
733,ACH-000322
734,ACH-000248
735,ACH-000202
736,ACH-000244
737,ACH-000626
738,ACH-000247
739,ACH-000316
740,ACH-000484
741,ACH-000478
742,ACH-000595
743,ACH-000570
744,ACH-000456
745,ACH-000791
746,ACH-000566
747,ACH-000213
748,ACH-000541
749,ACH-000065
750,ACH-000655
751,ACH-000956
752,ACH-000045
753,ACH-000883
754,ACH-000060
755,ACH-000473
756,ACH-000710
757,ACH-000222
758,ACH-000176
759,ACH-000274
760,ACH-000280
761,ACH-000649
762,ACH-001318
763,ACH-000659
764,ACH-000734
765,ACH-000151
766,ACH-000420
767,ACH-000311
768,ACH-000349
769,ACH-000052
770,ACH-000568
771,ACH-000810
772,ACH-000521
773,ACH-000983
774,ACH-000806
775,ACH-000593
776,ACH-000044
777,ACH-000946
778,ACH-000673
779,ACH-000325
780,ACH-000485
781,ACH-001207
782,ACH-000668
783,ACH-000270
784,ACH-000035
785,ACH-000706
786,ACH-000265
787,ACH-000602
788,ACH-000611
789,ACH-000041
790,ACH-000743
791,ACH-000446
792,ACH-000106
793,ACH-000134
794,ACH-000335
795,ACH-000174
796,ACH-000118
797,ACH-000644
798,ACH-000618
799,ACH-000513
800,ACH-000523
801,ACH-000327
802,ACH-000765
803,ACH-000273
804,ACH-000407
805,ACH-000624
806,ACH-000576
807,ACH-000169
808,ACH-000110
809,ACH-000429
810,ACH-000589
811,ACH-000326
812,ACH-000733
813,ACH-000294
814,ACH-000968
815,ACH-000923
816,ACH-000321
817,ACH-000793
818,ACH-000275
819,ACH-000653
820,ACH-000918
821,ACH-000855
822,ACH-000764
823,ACH-000226
824,ACH-000308
825,ACH-000787
826,ACH-000744
827,ACH-000608
828,ACH-000501
829,ACH-000548
830,ACH-000578
831,ACH-000168
832,ACH-000207
833,ACH-000398
834,ACH-000238
835,ACH-000258
836,ACH-000307
837,ACH-000210
838,ACH-000312
839,ACH-000472
840,ACH-000596
841,ACH-000053
842,ACH-000195
843,ACH-000353
844,ACH-000869
845,ACH-000913
846,ACH-000287
847,ACH-000377
848,ACH-001106
849,ACH-000036
850,ACH-000027
851,ACH-000638
852,ACH-000114
853,ACH-000376
854,ACH-001307
855,ACH-000025
856,ACH-000303
857,ACH-000616
858,ACH-000068
859,ACH-000692
860,ACH-000288
861,ACH-000442
862,ACH-000354
863,ACH-000221
864,ACH-000448
865,ACH-000189
866,ACH-000191
867,ACH-000366
868,ACH-000846
869,ACH-000163
870,ACH-001306
871,ACH-000385
872,ACH-000487
873,ACH-000549
874,ACH-000137
875,ACH-000639
876,ACH-000146
877,ACH-000854
878,ACH-000774
879,ACH-000306
880,ACH-000637
881,ACH-000120
882,ACH-000704
883,ACH-000872
884,ACH-000818
885,ACH-000317
886,ACH-000117
887,ACH-000957
888,ACH-001129
889,ACH-001200
890,ACH-000467
891,ACH-000910
892,ACH-000701
893,ACH-000695
894,ACH-000424
895,ACH-000071
896,ACH-000610
897,ACH-001128
898,ACH-000967
899,ACH-000790
900,ACH-000926
901,ACH-000928
902,ACH-000792
903,ACH-000081
904,ACH-000227
905,ACH-000927
906,ACH-000609
907,ACH-000363
908,ACH-000483
909,ACH-000499
910,ACH-000518
911,ACH-000950
912,ACH-000831
913,ACH-000130
914,ACH-000160
915,ACH-000711
916,ACH-000773
917,ACH-000747
918,ACH-000920
919,ACH-000154
920,ACH-000449
921,ACH-000178
922,ACH-000904
923,ACH-000346
924,ACH-000828
925,ACH-000565
926,ACH-000256
927,ACH-000955
928,ACH-000192
929,ACH-000750
930,ACH-000417
931,ACH-000770
932,ACH-000492
933,ACH-000564
934,ACH-000803
935,ACH-000988
936,ACH-000197
937,ACH-000212
938,ACH-000470
939,ACH-000580
940,ACH-000885
941,ACH-000907
942,ACH-000268
943,ACH-000230
944,ACH-000116
945,ACH-000198
946,ACH-000836
947,ACH-000228
948,ACH-000453
949,ACH-000486
950,ACH-000253
951,ACH-000048
952,ACH-000233
953,ACH-000236
954,ACH-000961
955,ACH-000161
956,ACH-000820
957,ACH-000147
958,ACH-000218
959,ACH-000619
960,ACH-000194
961,ACH-000864
962,ACH-000066
963,ACH-000459
964,ACH-000780
965,ACH-000617
966,ACH-000471
967,ACH-000555
968,ACH-000386
969,ACH-000509
970,ACH-000185
971,ACH-000427
972,ACH-000199
973,ACH-000863
974,ACH-000842
975,ACH-000853
976,ACH-000878
977,ACH-000462
978,ACH-000232
979,ACH-000341
980,ACH-000498
981,ACH-000908
982,ACH-000224
983,ACH-000416
984,ACH-000127
985,ACH-000387
986,ACH-000009
987,ACH-000529
988,ACH-000352
989,ACH-001113
990,ACH-001289
991,ACH-001339
992,ACH-001538
993,ACH-001794
994,ACH-002023
995,ACH-001655
996,ACH-001098
997,ACH-002040
998,ACH-001375
999,ACH-001814
1000,ACH-002066
1001,ACH-001536
1002,ACH-003136
1003,ACH-002019
1004,ACH-000700
1005,ACH-002029
1006,ACH-001377
1007,ACH-001864
1008,ACH-001547
1009,ACH-002471
1010,ACH-001409
1011,ACH-001707
1012,ACH-001385
1013,ACH-001398
1014,ACH-001991
1015,ACH-001332
1016,ACH-003184
1017,ACH-001616
1018,ACH-001670
1019,ACH-003133
1020,ACH-002687
1021,ACH-001119
1022,ACH-003132
1023,ACH-001034
1024,ACH-001283
1025,ACH-002508
1026,ACH-001652
1027,ACH-002033
1028,ACH-001184
1029,ACH-001688
1030,ACH-001838
1031,ACH-001846
1032,ACH-001559
1033,ACH-001861
1034,ACH-001841
1035,ACH-001611
1036,ACH-001541
1037,ACH-001651
1038,ACH-001456
1039,ACH-001336
1040,ACH-001454
1041,ACH-001577
1042,ACH-001517
1043,ACH-001959
1044,ACH-001414
1045,ACH-001403
1046,ACH-001554
1047,ACH-001537
1048,ACH-001854
1049,ACH-001975
1050,ACH-001382
1051,ACH-001302
1052,ACH-001134
1053,ACH-001421
1054,ACH-003183
1055,ACH-003100
1056,ACH-001745
1057,ACH-001598
1058,ACH-001691
1059,ACH-001328
1060,ACH-001704
1061,ACH-001068
1062,ACH-001672
1063,ACH-001654
1064,ACH-001521
1065,ACH-001520
1066,ACH-001610
1067,ACH-001408
1068,ACH-001412
1069,ACH-001407
1070,ACH-001481
1071,ACH-002475
1072,ACH-001498
1073,ACH-001607
1074,ACH-002706
1075,ACH-001441
1076,ACH-000874
1077,ACH-002780
1078,ACH-002024
1079,ACH-001737
1080,ACH-001400
1081,ACH-001054
1082,ACH-001695
1083,ACH-001703
1084,ACH-001568
1085,ACH-002680
1086,ACH-001515
1087,ACH-002847
1088,ACH-001020
1089,ACH-002533
1090,ACH-002050
1091,ACH-003120
1092,ACH-001413
1093,ACH-001368
1094,ACH-002458
1095,ACH-001378
1096,ACH-001029
1097,ACH-001696
1098,ACH-001016
1099,ACH-001793
1100,ACH-001619
1101,ACH-001569
1102,ACH-001701
1103,ACH-001626
1104,ACH-001973
1105,ACH-001340
1106,ACH-001709
1107,ACH-002018
1108,ACH-001270
1109,ACH-002523
1110,ACH-001561
1111,ACH-000517
1112,ACH-001415
1113,ACH-001310
1114,ACH-002005
1115,ACH-001680
1116,ACH-003141
1117,ACH-003138
1118,ACH-000532
1119,ACH-001690
1120,ACH-003149
1121,ACH-001648
1122,ACH-001347
1123,ACH-001341
1124,ACH-002834
1125,ACH-001673
1126,ACH-002077
1127,ACH-000975
1128,ACH-002067
1129,ACH-002539
1130,ACH-001461
1131,ACH-001692
1132,ACH-001669
1133,ACH-002080
1134,ACH-001668
1135,ACH-002003
1136,ACH-002461
1137,ACH-001705
1138,ACH-001057
1139,ACH-001041
1140,ACH-001977
1141,ACH-001630
1142,ACH-001392
1143,ACH-000328
1144,ACH-001430
1145,ACH-001623
1146,ACH-001232
1147,ACH-001618
1148,ACH-002650
1149,ACH-001993
1150,ACH-001301
1151,ACH-001450
1152,ACH-002781
1153,ACH-001360
1154,ACH-002921
1155,ACH-001715
1156,ACH-001617
1157,ACH-001396
1158,ACH-001848
1159,ACH-002048
1160,ACH-002486
1161,ACH-002711
1162,ACH-001001
1163,ACH-002170
1164,ACH-002027
1165,ACH-001132
1166,ACH-001278
1167,ACH-003108
1168,ACH-001419
1169,ACH-001523
1170,ACH-003191
1171,ACH-001551
1172,ACH-002511
1173,ACH-001735
1174,ACH-001389
1175,ACH-001183
1176,ACH-001163
1177,ACH-001557
1178,ACH-003154
1179,ACH-001148
1180,ACH-001664
1181,ACH-002705
1182,ACH-001683
1183,ACH-001990
1184,ACH-001438
1185,ACH-001647
1186,ACH-002043
1187,ACH-001649
1188,ACH-003106
1189,ACH-002017
1190,ACH-001495
1191,ACH-001518
1192,ACH-001625
1193,ACH-002460
1194,ACH-002463
1195,ACH-002928
1196,ACH-003150
1197,ACH-002039
1198,ACH-001338
1199,ACH-000556
1200,ACH-001804
1201,ACH-001386
1202,ACH-001060
1203,ACH-001525
1204,ACH-001539
1205,ACH-002785
1206,ACH-002693
1207,ACH-001855
1208,ACH-000455
1209,ACH-002710
1210,ACH-002042
1211,ACH-000597
1212,ACH-003148
1213,ACH-001100
1214,ACH-003099
1215,ACH-003107
1216,ACH-001028
1217,ACH-001641
1218,ACH-001350
1219,ACH-001411
1220,ACH-001712
1221,ACH-001850
1222,ACH-001679
1223,ACH-002046
1224,ACH-003145
1225,ACH-002925
1226,ACH-001566
1227,ACH-001605
1228,ACH-002522
1229,ACH-001970
1230,ACH-002038
1231,ACH-002660
1232,ACH-002806
1233,ACH-001549
1234,ACH-001839
1235,ACH-001799
1236,ACH-001573
1237,ACH-001067
1238,ACH-001394
1239,ACH-001509
1240,ACH-001791
1241,ACH-001650
1242,ACH-003121
1243,ACH-003125
1244,ACH-002084
1245,ACH-001194
1246,ACH-002055
1247,ACH-001443
1248,ACH-001677
1249,ACH-002526
1250,ACH-001627
1251,ACH-001036
1252,ACH-001986
1253,ACH-001147
1254,ACH-003139
1255,ACH-001751
1256,ACH-002051
1257,ACH-001522
1258,ACH-001295
1259,ACH-001164
1260,ACH-002524
1261,ACH-002535
1262,ACH-000093
1263,ACH-001096
1264,ACH-002799
1265,ACH-002784
1266,ACH-001971
1267,ACH-001853
1268,ACH-001563
1269,ACH-001719
1270,ACH-001418
1271,ACH-001852
1272,ACH-001528
1273,ACH-001460
1274,ACH-001192
1275,ACH-001494
1276,ACH-002510
1277,ACH-001303
1278,ACH-001172
1279,ACH-001662
1280,ACH-003157
1281,ACH-001300
1282,ACH-002021
1283,ACH-001736
1284,ACH-001379
1285,ACH-002070
1286,ACH-002794
1287,ACH-001740
1288,ACH-001393
1289,ACH-001694
1290,ACH-001542
1291,ACH-002509
1292,ACH-001524
1293,ACH-002996
1294,ACH-003142
1295,ACH-001863
1296,ACH-003156
1297,ACH-001982
1298,ACH-001334
1299,ACH-001836
1300,ACH-001699
1301,ACH-001567
1302,ACH-001653
1303,ACH-001862
1304,ACH-003153
1305,ACH-001500
1306,ACH-001190
1307,ACH-002467
1308,ACH-002044
1309,ACH-002459
1310,ACH-001516
1311,ACH-001354
1312,ACH-001645
1313,ACH-003135
1314,ACH-002069
1315,ACH-000931
1316,ACH-001374
1317,ACH-001437
1318,ACH-001188
1319,ACH-001603
1320,ACH-001145
1321,ACH-001843
1322,ACH-002664
1323,ACH-001548
1324,ACH-001555
1325,ACH-001369
1326,ACH-001275
1327,ACH-002654
1328,ACH-001972
1329,ACH-001373
1330,ACH-002800
1331,ACH-001022
1332,ACH-003105
1333,ACH-003181
1334,ACH-003012
1335,ACH-002001
1336,ACH-002446
1337,ACH-001550
1338,ACH-002026
1339,ACH-002672
1340,ACH-001802
1341,ACH-001196
1342,ACH-001484
1343,ACH-001847
1344,ACH-001519
1345,ACH-001497
1346,ACH-001556
1347,ACH-002291
1348,ACH-001322
1349,ACH-001642
1350,ACH-001552
1351,ACH-001842
1352,ACH-002662
1353,ACH-001032
1354,ACH-001636
1355,ACH-001197
1356,ACH-001459
1357,ACH-001609
1358,ACH-001960
1359,ACH-001856
1360,ACH-003158
1361,ACH-001485
1362,ACH-001229
1363,ACH-001992
1364,ACH-001526
1365,ACH-001329
1366,ACH-001280
1367,ACH-002922
1368,ACH-003137
1369,ACH-001530
1370,ACH-001451
1371,ACH-002926
1372,ACH-001624
1373,ACH-001807
1374,ACH-002466
1375,ACH-001344
1376,ACH-001857
1377,ACH-000101
1378,ACH-001416
1379,ACH-001835
1380,ACH-002045
1381,ACH-003159
1382,ACH-003161
1383,ACH-001038
1384,ACH-002016
1385,ACH-001558
1386,ACH-000206
1387,ACH-001613
1388,ACH-001608
1389,ACH-001401
1390,ACH-001431
1391,ACH-001562
1392,ACH-001693
1393,ACH-003134
1394,ACH-002801
1395,ACH-001388
1396,ACH-001410
1397,ACH-002025
1398,ACH-000095
1399,ACH-001345
1400,ACH-003160
1401,ACH-001702
1402,ACH-001708
1403,ACH-002059
1404,ACH-001395
1405,ACH-002015
1406,ACH-001834
1407,ACH-003143
1408,ACH-000468
1409,ACH-001061
1410,ACH-002512
1411,ACH-002464
1412,ACH-002004
1413,ACH-001380
1414,ACH-002061
1415,ACH-001033
1416,ACH-001050
1417,ACH-001818
1418,ACH-001384
1419,ACH-001533
1420,ACH-001508
1421,ACH-003119
1422,ACH-001819
1423,ACH-001786
1424,ACH-001376
1425,ACH-001750
1426,ACH-001279
1427,ACH-003147
1428,ACH-001513
1429,ACH-002041
1430,ACH-002500
1431,ACH-001999
1432,ACH-000299
1433,ACH-001716
1434,ACH-001628
1435,ACH-001370
1436,ACH-000029
1437,ACH-001849
1438,ACH-001422
1439,ACH-001845
1440,ACH-001053
1441,ACH-001274
1442,ACH-002014
1443,ACH-001634
1444,ACH-002531
1445,ACH-001765
1446,ACH-001570
1447,ACH-001335
1448,ACH-002062
1449,ACH-002462
1450,ACH-001277
1451,ACH-002647
1452,ACH-003152
1453,ACH-001511
1454,ACH-000337
1455,ACH-001399
1456,ACH-001097
1457,ACH-001961
1458,ACH-001796
1459,ACH-001030
1460,ACH-002485
1461,ACH-001540
1462,ACH-001543
1463,ACH-002543
1464,ACH-001333
1465,ACH-001453
1466,ACH-001458
1467,ACH-001201
1468,ACH-001442
1469,ACH-002065
1470,ACH-002659
1471,ACH-002787
1472,ACH-002497
1473,ACH-002465
1474,ACH-001035
1475,ACH-001059
1476,ACH-001402
1477,ACH-000143
1478,ACH-001674
1479,ACH-001698
1480,ACH-002002
1481,ACH-002011
1482,ACH-001353
1483,ACH-001574
1484,ACH-001367
1485,ACH-002035
1486,ACH-001532
1487,ACH-001795
1488,ACH-001510
1489,ACH-001496
1490,ACH-001622
1491,ACH-001560
1492,ACH-003111
1493,ACH-001687
1494,ACH-001151
1495,ACH-001685
1496,ACH-001111
1497,ACH-001820
1498,ACH-001632
1499,ACH-001031
1500,ACH-001064
1501,ACH-001048
1502,ACH-003155
1503,ACH-001391
1504,ACH-001356
1505,ACH-001844
1506,ACH-001346
1507,ACH-002020
1508,ACH-001638
1509,ACH-001228
1510,ACH-001711
1511,ACH-001529
1512,ACH-001743
1513,ACH-001578
1514,ACH-002669
1515,ACH-001858
1516,ACH-001997
